"date","Rt_lower","Rt_upper","Rt"
2022-01-08,1.08044752264251,1.20674906107011,1.13929377267789
2022-01-07,1.12416810958549,1.24254674077817,1.18105852727328
2022-01-06,1.15049580460385,1.26418152350081,1.20620425897171
2022-01-05,1.1771363893605,1.29059865092749,1.23306980068089
2022-01-04,1.2128950785903,1.33022388059702,1.27036115580554
2022-01-03,1.26250772081532,1.38231707317073,1.32084534721529
2022-01-02,1.32255580962716,1.45674486803519,1.38784968888934
2022-01-01,1.39443961772372,1.54185022026432,1.46629894143723
2021-12-31,1.43113087184705,1.59539473684211,1.51215444348907
2021-12-30,1.41724941724942,1.58508158508159,1.500264001554
2021-12-29,1.35865921787709,1.51843575418994,1.43722845437616
2021-12-28,1.28967813540511,1.44284128745838,1.36495736588975
2021-12-27,1.25410733844469,1.39978094194962,1.32577964220518
2021-12-26,1.25412960609911,1.40660736975858,1.33013366370182
2021-12-25,1.27790785498489,1.44410876132931,1.36035912386707
2021-12-24,1.28885400313972,1.45839874411303,1.37266636316065
2021-12-23,1.26351351351351,1.4375,1.35002940315315
2021-12-22,1.21955719557196,1.40036900369004,1.30989297662977
2021-12-21,1.17254174397032,1.35064935064935,1.26048991960421
2021-12-20,1.12586206896552,1.29137931034483,1.2075477816092
2021-12-19,1.07630522088353,1.25502008032129,1.16461208835341
2021-12-18,1.04310344827586,1.22629310344828,1.13413987068966
2021-12-17,1.00587084148728,1.1761252446184,1.09059684279191
2021-12-16,0.953878406708595,1.12578616352201,1.03821446540881
2021-12-15,0.916512059369202,1.07421150278293,0.995151354359926
2021-12-14,0.894480519480519,1.03733766233766,0.964783571428571
2021-12-13,0.889078498293515,1.03754266211604,0.962911149032992
2021-12-12,0.907662082514735,1.07072691552063,0.988544780615586
2021-12-11,0.918502202643172,1.09251101321586,1.00346666666667
2021-12-10,0.899590163934426,1.06352459016393,0.981099849726776
2021-12-09,0.851351351351351,1.00772200772201,0.92873879021879
2021-12-08,0.804459691252144,0.946826758147513,0.874998479130932
2021-12-07,0.773472429210134,0.903129657228018,0.837513700943865
2021-12-06,0.761549925484352,0.889716840536513,0.825031674118232
2021-12-05,0.765289256198347,0.902479338842975,0.832741939393939
2021-12-04,0.769230769230769,0.903846153846154,0.836487521367521
2021-12-03,0.757790368271955,0.882436260623229,0.819893550519358
2021-12-02,0.736559139784946,0.85752688172043,0.79645752688172
2021-12-01,0.732545649838883,0.83780880773362,0.784782670963122
2021-11-30,0.744282744282744,0.848232848232848,0.795546881496881
2021-11-29,0.78232044198895,0.893922651933702,0.837647211786372
2021-11-28,0.826354679802956,0.947044334975369,0.886509876847291
2021-11-27,0.85006045949214,0.972188633615478,0.911000233776703
2021-11-26,0.845197740112994,0.961581920903955,0.902882011299435
2021-11-25,0.823463687150838,0.93854748603352,0.880242212290503
2021-11-24,0.807348560079444,0.913604766633565,0.860169480304535
2021-11-23,0.798917944093778,0.899909828674482,0.84926293357379
2021-11-22,0.80627802690583,0.90762331838565,0.856708807174888
2021-11-21,0.822732012513034,0.933263816475495,0.8779456725756
2021-11-20,0.837142857142857,0.943809523809524,0.889806641269841
2021-11-19,0.824311490978158,0.929724596391263,0.876527508705287
2021-11-18,0.803071364046974,0.905149051490515,0.853946787112316
2021-11-17,0.785826771653543,0.879527559055118,0.832496608923885
2021-11-16,0.784313725490196,0.868627450980392,0.826217507625272
2021-11-15,0.814321926489227,0.897972116603295,0.855859678918462
2021-11-14,0.885734072022161,0.977839335180055,0.931645166204986
2021-11-13,0.975894245723173,1.07853810264386,1.02648050285122
2021-11-12,1.05203619909502,1.1553544494721,1.10346606334842
2021-11-11,1.10104250200481,1.21090617481957,1.15560690724405
2021-11-10,1.14685908319185,1.26230899830221,1.20382267685342
2021-11-09,1.19270833333333,1.3125,1.25218045717593
2021-11-08,1.23699421965318,1.36512524084778,1.30101461785485
2021-11-07,1.273276904474,1.42200725513906,1.34715517936316
2021-11-06,1.29223181257707,1.44143033292232,1.36563995067818
2021-11-05,1.26392572944297,1.41909814323607,1.34075417329797
2021-11-04,1.22067039106145,1.37709497206704,1.29852441340782
2021-11-03,1.18546365914787,1.32957393483709,1.25748864661654
2021-11-02,1.16730038022814,1.31051964512041,1.23834193493874
2021-11-01,1.19020979020979,1.34265734265734,1.2654892027972
2021-10-31,1.22820037105751,1.40816326530612,1.31714774273346
2021-10-30,1.25420560747664,1.43738317757009,1.34497175077882
2021-10-29,1.22700587084149,1.41291585127202,1.31893681669928
2021-10-28,1.17871485943775,1.36345381526104,1.27033344042838
2021-10-27,1.13759689922481,1.31589147286822,1.22600399224806
2021-10-26,1.11829944547135,1.28835489833641,1.20194108441158
2021-10-25,1.12903225806452,1.30170777988615,1.21406580645161
2021-10-24,1.15960099750623,1.3640897755611,1.2616442726517
2021-10-23,1.2,1.416,1.30601205333333
2021-10-22,1.1929347826087,1.41032608695652,1.30070487318841
2021-10-21,1.15204678362573,1.37426900584795,1.26224900584795
2021-10-20,1.11173184357542,1.32402234636872,1.2173882122905
2021-10-19,1.07344632768362,1.28248587570621,1.1773036346516
2021-10-18,1.04970760233918,1.26023391812866,1.15417637426901
2021-10-17,1.03040540540541,1.26013513513514,1.14310763513514
2021-10-16,1.02409638554217,1.23795180722892,1.12975690763052
2021-10-15,1.00591715976331,1.21597633136095,1.10889009861933
2021-10-14,0.993333333333333,1.21666666666667,1.10472451111111
2021-10-13,1.00655737704918,1.22622950819672,1.11412924590164
2021-10-12,1.01286173633441,1.22829581993569,1.11901140407288
2021-10-11,1.01960784313725,1.23856209150327,1.12830468409586
2021-10-10,1.02702702702703,1.27027027027027,1.14645500643501
2021-10-09,1.03557312252964,1.28458498023715,1.15803270092227
2021-10-08,1.01652892561983,1.26859504132231,1.1408349862259
2021-10-07,0.978070175438597,1.23245614035088,1.10474678362573
2021-10-06,0.949275362318841,1.17391304347826,1.06147115942029
2021-10-05,0.921985815602837,1.14184397163121,1.02894853427896
2021-10-04,0.925266903914591,1.14590747330961,1.03298393831554
2021-10-03,0.937777777777778,1.18666666666667,1.06130882962963
2021-10-02,0.954337899543379,1.21004566210046,1.07993111111111
2021-10-01,0.941666666666667,1.18333333333333,1.06087883333333
2021-09-30,0.904564315352697,1.14522821576763,1.02321017980636
2021-09-29,0.880165289256198,1.11570247933884,0.996743884297521
2021-09-28,0.883561643835616,1.09246575342466,0.986713401826484
2021-09-27,0.891696750902527,1.10830324909747,0.999012418772563
2021-09-26,0.91304347826087,1.17391304347826,1.04060637681159
2021-09-25,0.936274509803922,1.20098039215686,1.06802588235294
2021-09-24,0.926229508196721,1.16393442622951,1.04268393442623
2021-09-23,0.872146118721461,1.12328767123288,0.996363348554034
2021-09-22,0.848979591836735,1.07755102040816,0.962660897959184
2021-09-21,0.829457364341085,1.05038759689922,0.93825173126615
2021-09-20,0.836538461538462,1.03205128205128,0.933801132478633
2021-09-19,0.844621513944223,1.07171314741036,0.957825524568393
2021-09-18,0.868020304568528,1.13197969543147,0.999529306260575
2021-09-17,0.886554621848739,1.1218487394958,1.00241028011204
2021-09-16,0.850574712643678,1.0727969348659,0.960241966794381
2021-09-15,0.815789473684211,1.03007518796992,0.922237944862155
2021-09-14,0.803703703703704,1.01481481481481,0.907415407407407
2021-09-13,0.815151515151515,1.00606060606061,0.909007373737374
2021-09-12,0.822641509433962,1.0377358490566,0.928497509433962
2021-09-11,0.862068965517241,1.07241379310345,0.965756252873563
2021-09-10,0.882352941176471,1.09688581314879,0.987725951557093
2021-09-09,0.893939393939394,1.11742424242424,1.00358441919192
2021-09-08,0.912751677852349,1.1241610738255,1.01610053691275
2021-09-07,0.921232876712329,1.13356164383562,1.02679358447489
2021-09-06,0.947019867549669,1.16225165562914,1.05369682119205
2021-09-05,0.970954356846473,1.21576763485477,1.09239388658368
2021-09-04,1,1.25206611570248,1.12506581267218
2021-09-03,1,1.24701195219124,1.12273017264276
2021-09-02,0.98326359832636,1.23012552301255,1.10680167364017
2021-09-01,0.97008547008547,1.22222222222222,1.09525398860399
2021-08-31,0.967611336032389,1.20647773279352,1.0863012145749
2021-08-30,0.968127490039841,1.20318725099602,1.08465256308101
2021-08-29,0.967289719626168,1.23364485981308,1.09841102803738
2021-08-28,0.985915492957746,1.24882629107981,1.11485086071987
2021-08-27,0.975609756097561,1.24390243902439,1.10891918699187
2021-08-26,0.955,1.225,1.08961636666667
2021-08-25,0.95,1.19166666666667,1.0685135
2021-08-24,0.937799043062201,1.19617224880383,1.06467693779904
2021-08-23,0.98,1.22,1.09910269333333
2021-08-22,1.02061855670103,1.29896907216495,1.1565287628866
2021-08-21,1.08379888268156,1.3854748603352,1.23372729981378
2021-08-20,1.11464968152866,1.44585987261146,1.27831422505308
2021-08-19,1.12422360248447,1.4472049689441,1.28214712215321
2021-08-18,1.10429447852761,1.42331288343558,1.26429439672802
2021-08-17,1.08088235294118,1.43382352941176,1.25781495098039
2021-08-16,1.12154696132597,1.41988950276243,1.27084342541436
2021-08-15,1.12396694214876,1.49586776859504,1.30580892561983
2021-08-14,1.17142857142857,1.59047619047619,1.37755993650794
2021-08-13,1.19230769230769,1.61538461538462,1.39764576923077
2021-08-12,1.16822429906542,1.57943925233645,1.36781725856698
2021-08-11,1.13725490196078,1.54901960784314,1.33628405228758
2021-08-10,1.08974358974359,1.57692307692308,1.32869179487179
2021-08-09,1.12244897959184,1.54081632653061,1.32520278911565
2021-08-08,1.08433734939759,1.5421686746988,1.31033895582329
2021-08-07,1.0625,1.59375,1.3182771875
2021-08-06,1.04918032786885,1.59016393442623,1.30709169398907
2021-08-05,1,1.515625,1.24839895833333
2021-08-04,0.961038961038961,1.4025974025974,1.17621186147186
2021-08-03,0.916666666666667,1.375,1.13787166666667
2021-08-02,0.931506849315068,1.38356164383562,1.15419287671233
2021-08-01,0.914893617021277,1.48936170212766,1.19154283687943
2021-07-31,0.947368421052632,1.47368421052632,1.20501567251462
2021-07-30,0.877551020408163,1.44897959183673,1.15886829931973
2021-07-29,0.826923076923077,1.36538461538462,1.09424974358974
2021-07-28,0.793103448275862,1.27586206896552,1.02459701149425
2021-07-27,0.754098360655738,1.21311475409836,0.975343169398907
2021-07-26,0.773809523809524,1.1547619047619,0.963739444444444
2021-07-25,0.767857142857143,1.25,1.00387238095238
2021-07-24,0.816326530612245,1.36734693877551,1.08321551020408
2021-07-23,0.846153846153846,1.38461538461538,1.10716205128205
2021-07-22,0.804347826086957,1.3695652173913,1.07213913043478
2021-07-21,0.808823529411765,1.25,1.02672696078431
2021-07-20,0.805194805194805,1.22077922077922,1.01011714285714
2021-07-19,0.861538461538462,1.32307692307692,1.09035548717949
2021-07-18,0.925,1.575,1.23819383333333
2021-07-17,1,1.68421052631579,1.33567894736842
2021-07-16,1.02127659574468,1.61702127659574,1.31242978723404
2021-07-15,0.875,1.625,1.23767625
2021-07-14,0.891304347826087,1.47826086956522,1.17151043478261
2021-07-13,0.804878048780488,1.41463414634146,1.10473414634146
2021-07-12,0.816326530612245,1.36734693877551,1.08298095238095
2021-07-11,0.84,1.38,1.1015368
2021-07-10,0.818181818181818,1.51515151515152,1.16869636363636
2021-07-09,0.909090909090909,1.60606060606061,1.23655838383838
2021-07-08,0.914285714285714,1.57214285714269,1.23524685714286
2021-07-07,0.821428571428571,1.60714285714286,1.20036
2021-07-06,0.891304347826087,1.45652173913043,1.17006956521739
2021-07-05,0.806451612903226,1.51612903225806,1.16187010752688
2021-07-04,0.761904761904762,1.66666666666667,1.2125346031746
2021-07-03,0.833333333333333,1.625,1.21176444444444
2021-07-02,0.818181818181818,1.48484848484848,1.13487454545455
2021-07-01,0.692307692307692,1.46153846153846,1.06531076923077
2021-06-30,0.769230769230769,1.35897435897436,1.05533094017094
2021-06-29,0.75,1.46428571428571,1.09077904761905
2021-06-28,0.894736842105263,1.5,1.19742315789474
2021-06-27,0.727272727272727,2,1.29730484848485
2021-06-26,0.8125,1.9375,1.35277083333333
2021-06-25,0.777777777777778,1.77777777777778,1.25233777777778
2021-06-24,0.75,1.5,1.10443083333333
2021-06-23,0.678571428571429,1.35714285714286,0.998611666666667
2021-06-22,0.608695652173913,1.39130434782609,0.978646376811594
2021-06-21,0.71875,1.34375,1.01712666666667
2021-06-20,0.625,1.5625,1.06909541666667
2021-06-19,0.647058823529412,1.58823529411765,1.11715411764706
2021-06-18,0.684210526315789,1.52631578947368,1.07413473684211
2021-06-17,0.555555555555556,1.44444444444444,0.982694074074074
2021-06-16,0.541666666666667,1.25,0.893164444444444
2021-06-15,0.52,1.16,0.8227936
2021-06-14,0.481481481481481,1.11111111111111,0.785547160493827
2021-06-13,0.428571428571429,1.14285714285714,0.769443492063492
2021-06-12,0.484848484848485,1.03030303030303,0.751010909090909
2021-06-11,0.448275862068966,1.03448275862069,0.723402528735632
2021-06-10,0.476190476190476,0.952380952380952,0.716869682539683
2021-06-09,0.5,0.975,0.728169666666667
2021-06-08,0.5,1.05555555555556,0.768580185185185
2021-06-07,0.583333333333333,1.04166666666667,0.808981527777778
2021-06-06,0.58974358974359,1.12820512820513,0.838722564102564
2021-06-05,0.609756097560976,1.14634146341463,0.875850243902439
2021-06-04,0.645833333333333,1.14583333333333,0.892071388888889
2021-06-03,0.617647058823529,1.20588235294118,0.900492156862745
2021-06-02,0.679245283018868,1.15094339622642,0.906430062893082
2021-06-01,0.636363636363636,1.15909090909091,0.895044242424242
2021-05-31,0.651162790697674,1.16279069767442,0.899501705426357
2021-05-30,0.59375,1.21875,0.888135
2021-05-29,0.595744680851064,1.08510638297872,0.84358865248227
2021-05-28,0.549019607843137,1.01960784313725,0.776983267973856
2021-05-27,0.525423728813559,0.932203389830508,0.728431073446328
2021-05-26,0.53030303030303,0.909090909090909,0.70707494949495
2021-05-25,0.528571428571429,0.9,0.709156285714286
2021-05-24,0.554054054054054,0.918918918918919,0.726855225225225
2021-05-23,0.567567567567568,0.932432432432432,0.747292972972973
2021-05-22,0.577464788732394,0.957746478873239,0.760791924882629
2021-05-21,0.577464788732394,0.957746478873239,0.758574366197183
2021-05-20,0.585106382978723,0.904255319148936,0.739117092198582
2021-05-19,0.580357142857143,0.866071428571429,0.72032255952381
2021-05-18,0.584905660377358,0.886792452830189,0.732076918238994
2021-05-17,0.625,0.928571428571429,0.771009523809524
2021-05-16,0.669354838709677,0.959677419354839,0.810063172043011
2021-05-15,0.679611650485437,1.00970873786408,0.844231779935275
2021-05-14,0.710280373831776,1.03738317757009,0.868229034267913
2021-05-13,0.707964601769911,1.02654867256637,0.861878171091445
2021-05-12,0.686440677966102,1,0.839110903954802
2021-05-11,0.681159420289855,0.956521739130435,0.81581231884058
2021-05-10,0.671052631578947,0.934210526315789,0.801986271929825
2021-05-09,0.658536585365854,0.959349593495935,0.806264715447155
2021-05-08,0.669117647058823,0.955882352941177,0.810863333333333
2021-05-07,0.651851851851852,0.933333333333333,0.789493679012346
2021-05-06,0.62987012987013,0.88961038961039,0.755288051948052
2021-05-05,0.622119815668203,0.829493087557604,0.7229755453149
2021-05-04,0.616379310344828,0.818965517241379,0.71741025862069
2021-05-03,0.651376146788991,0.86697247706422,0.75863250764526
2021-05-02,0.696808510638298,0.941489361702128,0.816413085106383
2021-05-01,0.733990147783251,0.970443349753695,0.849335632183908
2021-04-30,0.735042735042735,0.957264957264957,0.844967293447293
2021-04-29,0.707446808510638,0.952127659574468,0.827975567375887
2021-04-28,0.705128205128205,0.918803418803419,0.810768660968661
2021-04-27,0.697452229299363,0.875796178343949,0.785264692144374
2021-04-26,0.699115044247788,0.873156342182891,0.786537404129794
2021-04-25,0.734375,0.9453125,0.836881171875
2021-04-24,0.791044776119403,1.00373134328358,0.895796343283582
2021-04-23,0.800796812749004,1.02390438247012,0.910954714475432
2021-04-22,0.79672131147541,0.99344262295082,0.894766513661202
2021-04-21,0.777777777777778,0.966049382716049,0.871474609053498
2021-04-20,0.783475783475784,0.962962962962963,0.871445299145299
2021-04-19,0.807162534435262,0.988980716253444,0.897097116620753
2021-04-18,0.83728813559322,1.04406779661017,0.940546440677966
2021-04-17,0.88,1.08,0.9793272
2021-04-16,0.889230769230769,1.08923076923077,0.987815446153846
2021-04-15,0.880546075085324,1.09556313993174,0.986491376564278
2021-04-14,0.884393063583815,1.07803468208092,0.979598439306358
2021-04-13,0.869969040247678,1.07120743034056,0.968974613003096
2021-04-12,0.881401617250674,1.06738544474394,0.973198292902066
2021-04-11,0.887820512820513,1.09294871794872,0.987956923076923
2021-04-10,0.916184971098266,1.11271676300578,1.01319379576108
2021-04-09,0.925233644859813,1.13084112149533,1.02846878504673
2021-04-08,0.946745562130177,1.14792899408284,1.04616406311637
2021-04-07,0.962962962962963,1.17283950617284,1.06683913580247
2021-04-06,1,1.2,1.09969988732394
2021-04-05,1.04166666666667,1.25961538461538,1.14994506410256
2021-04-04,1.09398496240601,1.34210526315789,1.21698503759399
2021-04-03,1.12863070539419,1.39419087136929,1.26010854771784
2021-04-02,1.1105527638191,1.40201005025126,1.25572576214405
2021-04-01,1.08467741935484,1.33467741935484,1.20814620967742
2021-03-31,1.01357466063348,1.27601809954751,1.14282702865762
2021-03-30,0.984496124031008,1.22093023255814,1.10187643410853
2021-03-29,0.957805907172996,1.20675105485232,1.0808170745429
2021-03-28,0.948979591836735,1.22448979591837,1.0831812585034
2021-03-27,0.955947136563877,1.20704845814978,1.07861256975037
2021-03-26,0.926267281105991,1.18433179723502,1.05317115207373
2021-03-25,0.923076923076923,1.15384615384615,1.0369387854251
2021-03-24,0.911627906976744,1.16744186046512,1.03874173643411
2021-03-23,0.943089430894309,1.18292682926829,1.06185509485095
2021-03-22,0.962616822429907,1.2196261682243,1.08967404984424
2021-03-21,0.99009900990099,1.26237623762376,1.12637828382838
2021-03-20,1,1.29444444444444,1.14515811111111
2021-03-19,0.988304093567251,1.28654970760234,1.13516522417154
2021-03-18,0.961748633879781,1.24043715846995,1.09852313296903
2021-03-17,0.936363636363636,1.18636363636364,1.05895187878788
2021-03-16,0.924170616113744,1.18009478672986,1.04867165876777
2021-03-15,0.944444444444444,1.22777777777778,1.08459559259259
2021-03-14,0.982142857142857,1.2797619047619,1.12846797619048
2021-03-13,0.994117647058824,1.29411764705882,1.14225141176471
2021-03-12,0.981132075471698,1.28930817610063,1.13055677148847
2021-03-11,0.963636363636364,1.26060606060606,1.11168743434343
2021-03-10,0.945121951219512,1.24390243902439,1.09298975609756
2021-03-09,0.949720670391061,1.22905027932961,1.08828186219739
2021-03-08,0.959302325581395,1.25,1.10450751937985
2021-03-07,0.968503937007874,1.32283464566929,1.1428624671916
2021-03-06,1.00699300699301,1.33566433566434,1.16958358974359
2021-03-05,0.993103448275862,1.31724137931034,1.15527508045977
2021-03-04,0.979020979020979,1.3006993006993,1.13939743589744
2021-03-03,0.955752212389381,1.32743362831858,1.13762997050147
2021-03-02,0.971830985915493,1.29577464788732,1.13341892018779
2021-03-01,0.956521739130435,1.28260869565217,1.11827792270531
2021-02-28,0.959016393442623,1.31147540983607,1.13110923497268
2021-02-27,0.973451327433628,1.34513274336283,1.1580817699115
2021-02-26,0.991452991452991,1.35042735042735,1.1700433048433
2021-02-25,1.00769230769231,1.34615384615385,1.1730798974359
2021-02-24,0.977011494252874,1.41379310344828,1.19287118773946
2021-02-23,1.03636363636364,1.41818181818182,1.22387345454545
2021-02-22,1.02884615384615,1.42307692307692,1.22634961538462
2021-02-21,1.03409090909091,1.46590909090909,1.2437628030303
2021-02-20,1.02597402597403,1.50649350649351,1.26222155844156
2021-02-19,1,1.5,1.2465512745098
2021-02-18,0.974025974025974,1.42857142857143,1.19100311688312
2021-02-17,0.916666666666667,1.33333333333333,1.12044531746032
2021-02-16,0.859154929577465,1.30985915492958,1.07486751173709
2021-02-15,0.878787878787879,1.24242424242424,1.05656841750842
2021-02-14,0.816666666666667,1.3,1.05239822222222
2021-02-13,0.864197530864197,1.28395061728395,1.06752518518519
2021-02-12,0.815384615384615,1.29230769230769,1.04679979487179
2021-02-11,0.822784810126582,1.22784810126582,1.02133341772152
2021-02-10,0.79746835443038,1.20253164556962,0.990661772151899
2021-02-09,0.773333333333333,1.18666666666667,0.9764848
2021-02-08,0.777777777777778,1.17283950617284,0.969373086419753
2021-02-07,0.709090909090909,1.2,0.954302909090909
2021-02-06,0.723684210526316,1.13157894736842,0.922692280701754
2021-02-05,0.689655172413793,1.04597701149425,0.864750114942529
2021-02-04,0.666666666666667,0.98989898989899,0.825350841750842
2021-02-03,0.678571428571429,0.982142857142857,0.826616547619048
2021-02-02,0.688888888888889,1.04444444444444,0.863514148148148
2021-02-01,0.739583333333333,1.09375,0.909939930555556
2021-01-31,0.734939759036145,1.12048192771084,0.923552931726908
2021-01-30,0.705128205128205,1.11538461538462,0.906912051282051
2021-01-29,0.700934579439252,1.02803738317757,0.86282230529595
2021-01-28,0.676691729323308,0.962406015037594,0.816008370927318
2021-01-27,0.654867256637168,0.973451327433628,0.810992861356932
2021-01-26,0.698412698412698,1,0.84484291005291
2021-01-25,0.727272727272727,1.02272727272727,0.875665454545455
2021-01-24,0.743589743589744,1.06837606837607,0.902537948717949
2021-01-23,0.732558139534884,1.11627906976744,0.915321937984496
2021-01-22,0.735042735042735,1.05128205128205,0.88945698005698
2021-01-21,0.682170542635659,0.976744186046512,0.826234470284238
2021-01-20,0.640845070422535,0.915492957746479,0.774242957746479
2021-01-19,0.635869565217391,0.864130434782609,0.748541557971015
2021-01-18,0.635838150289017,0.872832369942196,0.751860809248555
2021-01-17,0.65625,0.9125,0.781387833333333
2021-01-16,0.666666666666667,0.943262411347518,0.800956122931442
2021-01-15,0.673469387755102,0.908163265306122,0.78927887755102
2021-01-14,0.645502645502645,0.878306878306878,0.759222680776014
2021-01-13,0.643171806167401,0.850220264317181,0.744668281938326
2021-01-12,0.6484375,0.84375,0.74409234375
2021-01-11,0.661087866108787,0.866108786610879,0.762868953974895
2021-01-10,0.686440677966102,0.898305084745763,0.791695621468927
2021-01-09,0.702479338842975,0.913223140495868,0.806628925619835
2021-01-08,0.711920529801324,0.900662251655629,0.805099072847682
2021-01-07,0.705035971223022,0.902877697841727,0.804202973621103
2021-01-06,0.729032258064516,0.916129032258065,0.820319892473118
2021-01-05,0.751515151515151,0.933333333333333,0.840344
2021-01-04,0.783475783475784,0.962962962962963,0.871499126305793
2021-01-03,0.824561403508772,1.01169590643275,0.917441208576998
2021-01-02,0.86970684039088,1.07491856677524,0.970818241042345
2021-01-01,0.893939393939394,1.12121212121212,1.0054795959596
2020-12-31,0.890566037735849,1.11698113207547,1.00120294339623
2020-12-30,0.859060402684564,1.06375838926175,0.959677225950783
2020-12-29,0.821428571428571,1.00274725274725,0.910600091575092
2020-12-28,0.80106100795756,0.978779840848806,0.889282033598585
2020-12-27,0.814589665653495,1.00607902735562,0.908830435663627
2020-12-26,0.853333333333333,1.03466666666667,0.942348693333333
2020-12-25,0.861290322580645,1.06451612903226,0.961712602150538
2020-12-24,0.865319865319865,1.07407407407407,0.968850347923681
2020-12-23,0.854395604395604,1.04120879120879,0.947078241758242
2020-12-22,0.820441988950276,1.00552486187845,0.912385966850829
2020-12-21,0.801136363636364,0.985795454545455,0.892185416666667
2020-12-20,0.786324786324786,0.968660968660969,0.876189249762583
2020-12-19,0.760115606936416,0.945086705202312,0.851775664739884
2020-12-18,0.736180904522613,0.902010050251256,0.81779608040201
2020-12-17,0.712215320910973,0.857142857142857,0.784018812974465
2020-12-16,0.704119850187266,0.842696629213483,0.772743083645443
2020-12-15,0.729874776386404,0.867620751341682,0.797752200357782
2020-12-14,0.781420765027322,0.923497267759563,0.851571548269581
2020-12-13,0.839080459770115,0.992337164750958,0.915084674329502
2020-12-12,0.888211382113821,1.04878048780488,0.967366734417344
2020-12-11,0.914285714285714,1.07959183673469,0.996241238095238
2020-12-10,0.923076923076923,1.08269230769231,1.00310067948718
2020-12-09,0.920833333333333,1.0875,1.00265598611111
2020-12-08,0.926415094339623,1.08490566037736,1.00556889308176
2020-12-07,0.930769230769231,1.09038461538462,1.00919817948718
2020-12-06,0.943887775551102,1.10821643286573,1.02478919171677
2020-12-05,0.961538461538462,1.12753036437247,1.04369348178138
2020-12-04,0.969827586206897,1.14439655172414,1.05611456896552
2020-12-03,0.977130977130977,1.14760914760915,1.06107207207207
2020-12-02,0.974683544303797,1.14556962025316,1.05944628691983
2020-12-01,0.974576271186441,1.14830508474576,1.06066338983051
2020-11-30,0.977728285077951,1.15590200445434,1.06602482553823
2020-11-29,0.982222222222222,1.16,1.06999522962963
2020-11-28,0.976905311778291,1.15935334872979,1.06764506543495
2020-11-27,0.963254593175853,1.15748031496063,1.05855518810149
2020-11-26,0.949074074074074,1.12731481481481,1.03767703703704
2020-11-25,0.925,1.09166666666667,1.00804727777778
2020-11-24,0.917184265010352,1.08281573498965,0.99935591442374
2020-11-23,0.928921568627451,1.11274509803922,1.02013782679739
2020-11-22,0.955813953488372,1.13488372093023,1.044172
2020-11-21,0.949602122015915,1.14058355437666,1.04388196286472
2020-11-20,0.935,1.12,1.02690545
2020-11-19,0.915289256198347,1.08057851239669,0.997505454545455
2020-11-18,0.895981087470449,1.07328605200946,0.983339542947202
2020-11-17,0.917184265010352,1.08281573498965,0.999285272601794
2020-11-16,0.931442080378251,1.11111111111111,1.02111561859732
2020-11-15,0.947658402203857,1.14325068870523,1.04454347107438
2020-11-14,0.945652173913043,1.14130434782609,1.0414069384058
2020-11-13,0.920634920634921,1.09297052154195,1.00572745275888
2020-11-12,0.881235154394299,1.05700712589074,0.968317197149644
2020-11-11,0.874734607218684,1.04033970276008,0.956378188251946
2020-11-10,0.87750556792873,1.0467706013363,0.96177420935412
2020-11-09,0.896788990825688,1.06880733944954,0.981948532110092
2020-11-08,0.906565656565657,1.09090909090909,0.99763303030303
2020-11-07,0.908212560386473,1.08695652173913,0.996320660225443
2020-11-06,0.896247240618102,1.06401766004415,0.979355717439294
2020-11-05,0.891944990176817,1.04911591355599,0.968922121807466
2020-11-04,0.901315789473684,1.07236842105263,0.986675467836257
2020-11-03,0.943946188340807,1.11883408071749,1.03143956651719
2020-11-02,0.989583333333333,1.16041666666667,1.07388455555556
2020-11-01,1.01758793969849,1.21105527638191,1.11270067001675
2020-10-31,1.04709141274238,1.25207756232687,1.14921512465374
2020-10-30,1.05699481865285,1.25388601036269,1.15501803108808
2020-10-29,1.03926701570681,1.23821989528796,1.13727
2020-10-28,1.02459016393443,1.22950819672131,1.12572005464481
2020-10-27,1.02298850574713,1.22988505747126,1.12405802681992
2020-10-26,1.02872062663185,1.22454308093995,1.12523416884247
2020-10-25,1.02694610778443,1.23952095808383,1.13095367265469
2020-10-24,1.03618421052632,1.26315789473684,1.14747629385965
2020-10-23,1.03883495145631,1.2621359223301,1.149648802589
2020-10-22,1.03048780487805,1.24390243902439,1.13594615853659
2020-10-21,1.02476780185759,1.24148606811146,1.13204282765738
2020-10-20,1.04472843450479,1.26517571884984,1.15323294994675
2020-10-19,1.0752688172043,1.31182795698925,1.19123734767025
2020-10-18,1.09251101321586,1.36123348017621,1.22606851688693
2020-10-17,1.11552346570397,1.35379061371841,1.23418729241877
2020-10-16,1.096,1.348,1.22029309333333
2020-10-15,1.08866995073892,1.36945812807882,1.22670410509031
2020-10-14,1.10132158590308,1.37004405286344,1.23291348017621
2020-10-13,1.0954356846473,1.35269709543568,1.22402708160443
2020-10-12,1.0969387755102,1.38775510204082,1.24210261904762
2020-10-11,1.14141414141414,1.43434343434343,1.28671976430976
2020-10-10,1.15625,1.4875,1.320111125
2020-10-09,1.17964071856287,1.50299401197605,1.33795057884232
2020-10-08,1.16556291390728,1.50331125827815,1.33404777041943
2020-10-07,1.15862068965517,1.51034482758621,1.33245751724138
2020-10-06,1.15555555555556,1.51851851851852,1.33214755555556
2020-10-05,1.144,1.52,1.33230362666667
2020-10-04,1.11650485436893,1.53398058252427,1.32519061488673
2020-10-03,1.0990099009901,1.5049504950495,1.2982097689769
2020-10-02,1.05309734513274,1.44247787610619,1.24462294985251
2020-10-01,1,1.3960396039604,1.19547188118812
2020-09-30,0.991228070175439,1.35964912280702,1.17231941520468
2020-09-29,0.954545454545455,1.38636363636364,1.16582522727273
2020-09-28,0.980582524271845,1.36893203883495,1.17190944983819
2020-09-27,0.9375,1.3875,1.158972
2020-09-26,0.925,1.3625,1.14067008333333
2020-09-25,0.901098901098901,1.2967032967033,1.09698446886447
2020-09-24,0.857142857142857,1.25274725274725,1.0492380952381
2020-09-23,0.814814814814815,1.23456790123457,1.0212541563786
2020-09-22,0.815217391304348,1.19565217391304,1.00379565217391
2020-09-21,0.808080808080808,1.17171717171717,0.985317912457912
2020-09-20,0.8,1.16842105263158,0.980772
2020-09-19,0.757575757575758,1.21212121212121,0.986405454545455
2020-09-18,0.772151898734177,1.17721518987342,0.96749552742616
2020-09-17,0.725274725274725,1.0989010989011,0.907243443223443
2020-09-16,0.693693693693694,1.01801801801802,0.850263123123123
2020-09-15,0.696296296296296,0.977777777777778,0.833467950617284
2020-09-14,0.73134328358209,1.02238805970149,0.877521492537313
2020-09-13,0.795918367346939,1.16326530612245,0.973804081632653
2020-09-12,0.842105263157895,1.27631578947368,1.05819833333333
2020-09-11,0.893805309734513,1.24778761061947,1.06922719764012
2020-09-10,0.858490566037736,1.21698113207547,1.0340172327044
2020-09-09,0.855855855855856,1.20720720720721,1.03012720720721
2020-09-08,0.875,1.24038461538462,1.05671762820513
2020-09-07,0.929824561403509,1.28070175438596,1.09961643274854
2020-09-06,0.921052631578947,1.38157894736842,1.14638754385965
2020-09-05,0.976744186046512,1.3953488372093,1.18205100775194
2020-09-04,0.967391304347826,1.3695652173913,1.16571550724638
2020-09-03,0.921052631578947,1.36842105263158,1.14033885964912
2020-09-02,0.901408450704225,1.36619718309859,1.1247138028169
2020-09-01,0.925925925925926,1.27777777777778,1.09648222222222
2020-08-31,0.873417721518987,1.30379746835443,1.08563628691983
2020-08-30,0.893939393939394,1.36363636363636,1.12362373737374
2020-08-29,0.883333333333333,1.4,1.13211177777778
2020-08-28,0.876543209876543,1.2962962962963,1.08441374485597
2020-08-27,0.805970149253731,1.25373134328358,1.02087960199005
2020-08-26,0.774647887323944,1.2112676056338,0.982525915492958
2020-08-25,0.782178217821782,1.12871287128713,0.954147062706271
2020-08-24,0.770114942528736,1.14942528735632,0.95800245210728
2020-08-23,0.818181818181818,1.23376623376623,1.01926043290043
2020-08-22,0.855072463768116,1.30434782608696,1.07627111111111
2020-08-21,0.878378378378378,1.32432432432432,1.09236711711712
2020-08-20,0.836065573770492,1.32786885245902,1.07470950819672
2020-08-19,0.853658536585366,1.25609756097561,1.04742219512195
2020-08-18,0.818181818181818,1.23376623376623,1.02248077922078
2020-08-17,0.850574712643678,1.24137931034483,1.04166513409962
2020-08-16,0.884615384615385,1.30769230769231,1.09582495726496
2020-08-15,0.909090909090909,1.45454545454545,1.17383527272727
2020-08-14,0.966666666666667,1.48333333333333,1.22175077777778
2020-08-13,0.96969696969697,1.45454545454545,1.20936656565657
2020-08-12,0.949152542372881,1.45762711864407,1.19544282485876
2020-08-11,0.968253968253968,1.47619047619048,1.21634010582011
2020-08-10,1.02985074626866,1.52238805970149,1.27084537313433
2020-08-09,1.08333333333333,1.70833333333333,1.38459222222222
2020-08-08,1.2,1.86666666666667,1.53192118518519
2020-08-07,1.14285714285714,2.14285714285714,1.61593873015873
2020-08-06,1.21212121212121,2,1.60139333333333
2020-08-05,1.11764705882353,1.88235294117647,1.48735764705882
2020-08-04,1,1.82758620689655,1.40589908045977
2020-08-03,1.03125,1.78125,1.38603645833333
2020-08-02,0.952380952380952,1.9047619047619,1.39086666666667
2020-08-01,0.954545454545455,1.86363636363636,1.39626303030303
2020-07-31,0.894736842105263,1.84210526315789,1.34825543859649
2020-07-30,0.863636363636364,1.72727272727273,1.27588424242424
2020-07-29,0.761904761904762,1.66666666666667,1.20348698412698
2020-07-28,0.736842105263158,1.63157894736842,1.16341122807018
2020-07-27,0.785714285714286,1.5,1.14445928571429
2020-07-26,0.615384615384615,1.76923076923077,1.15580871794872
2020-07-25,0.817045454545471,1.63636363636364,1.19702242424242
2020-07-24,0.615384615384615,1.76923076923077,1.17874307692308
2020-07-23,0.642857142857143,1.71428571428571,1.14768476190476
2020-07-22,0.708333333333333,1.45833333333333,1.08150722222222
2020-07-21,0.611111111111111,1.5,1.03839111111111
2020-07-20,0.6,1.6,1.07221066666667
2020-07-19,0.684210526315789,1.52631578947368,1.09440736842105
2020-07-18,0.444444444444444,1.77777777777778,1.07783703703704
2020-07-17,0.611111111111111,1.5,1.04072518518519
2020-07-16,0.578947368421053,1.42105263157895,0.971134385964912
2020-07-15,0.625,1.33333333333333,0.956964166666667
2020-07-14,0.533333333333333,1.53333333333333,1.01886577777778
2020-07-13,0.684210526315789,1.57894736842105,1.12678210526316
2020-07-12,0.75,1.6875,1.19307291666667
2020-07-11,0.692307692307692,1.84615384615385,1.24575025641026
2020-07-10,0.6,1.9,1.25374733333333
2020-07-09,0.666666666666667,1.83333333333333,1.19790944444444
2020-07-08,0.583333333333333,1.66666666666667,1.09592777777778
2020-07-07,0.533333333333333,1.46666666666667,1.00398844444444
2020-07-06,0.5,1.42857142857143,0.943953809523809
2020-07-05,0.466666666666667,1.4,0.919594222222222
2020-07-04,0.416666666666667,1.41666666666667,0.905320555555556
2020-07-03,0.5,1.3125,0.885594166666667
2020-07-02,0.466666666666667,1.33333333333333,0.852179555555556
2020-07-01,0.470588235294118,1.23529411764706,0.828620392156863
2020-06-30,0.45,1.2,0.818079333333333
2020-06-29,0.5,1.2,0.831947666666667
2020-06-28,0.56,1.24,0.879736
2020-06-27,0.533333333333333,1.46666666666667,0.954457333333333
2020-06-26,0.65,1.45,1.03356133333333
2020-06-25,0.625,1.5625,1.06126875
2020-06-24,0.695652173913043,1.47826086956522,1.07870492753623
2020-06-23,0.6,1.6,1.101284
2020-06-22,0.666666666666667,1.66666666666667,1.15161955555556
2020-06-21,0.705882352941177,1.64705882352941,1.16233725490196
2020-06-20,0.722222222222222,1.61111111111111,1.16223111111111
2020-06-19,0.764705882352941,1.70588235294118,1.2009631372549
2020-06-18,0.666666666666667,2,1.27589333333333
2020-06-17,0.785714285714286,1.92857142857143,1.32237285714286
2020-06-16,0.785714285714286,1.85714285714286,1.3009619047619
2020-06-15,0.785714285714286,1.85714285714286,1.31195523809524
2020-06-14,0,4,1.35310666666667
2020-06-13,0.727272727272727,2,1.33089393939394
2020-06-12,0.636363636363636,1.81818181818182,1.17245515151515
2020-06-11,0.5,1.75,1.06679083333333
2020-06-10,0.444444444444444,1.66666666666667,1.00675925925926
2020-06-09,0.285714285714286,1.71428571428571,0.94424
2020-06-08,0.466666666666667,1.33333333333333,0.873948444444444
2020-06-07,0.466666666666667,1.26666666666667,0.831964888888889
2020-06-06,0.4,1.5,0.884788666666667
2020-06-05,0.5,1.5,0.964406111111111
2020-06-04,0.533333333333333,1.46666666666667,0.997044444444444
2020-06-03,0.333333333333333,1.83333333333333,1.02289555555556
2020-06-02,0.625,1.5,1.04534375
2020-06-01,0.428571428571429,1.71428571428571,1.0125580952381
2020-05-31,0.5,1.58333333333333,1.00210222222222
2020-05-30,0.5,1.5,0.956847222222222
2020-05-29,0.375,1.625,0.917081666666667
2020-05-28,0.461538461538462,1.38461538461538,0.877944615384615
2020-05-27,0.333333333333333,1.44444444444444,0.821268148148148
2020-05-26,0.45,1.15,0.782231666666667
2020-05-25,0.444444444444444,1.16666666666667,0.774636666666667
2020-05-24,0.5,1.25,0.860597666666667
2020-05-23,0.454545454545455,1.54545454545455,0.981372727272727
2020-05-22,0.5,1.7,1.07093133333333
2020-05-21,0.625,1.5625,1.05467375
2020-05-20,0.5625,1.4375,0.996289583333333
2020-05-19,0.5,1.5,0.982814285714286
2020-05-18,0.588235294117647,1.47058823529412,1.00125333333333
2020-05-17,0.5,1.6,1.00993466666667
2020-05-16,0.444444444444444,1.66666666666667,1.00273925925926
2020-05-15,0.578947368421053,1.36842105263158,0.932280350877193
2020-05-14,0.384615384615385,1.38461538461538,0.848009230769231
2020-05-13,0.3,1.4,0.808196
2020-05-12,0.421052631578947,1.15789473684211,0.759086315789474
2020-05-11,0.35,1.05,0.695802666666667
2020-05-10,0.333333333333333,1.05555555555556,0.667627777777778
2020-05-09,0.413793103448276,0.931034482758621,0.663491724137931
2020-05-08,0.375,1,0.671599166666667
2020-05-07,0.472222222222222,0.972222222222222,0.71176537037037
2020-05-06,0.461538461538462,1.07692307692308,0.763235897435897
2020-05-05,0.518518518518518,1.14814814814815,0.827078024691358
2020-05-04,0.5,1.20833333333333,0.852054444444444
2020-05-03,0.5625,1.15625,0.837175
2020-05-02,0.48,1.16,0.805559466666667
2020-05-01,0.555555555555556,1.02222222222222,0.783757777777778
2020-04-30,0.526315789473684,1.05263157894737,0.775307368421053
2020-04-29,0.555555555555556,1.11111111111111,0.814707222222222
2020-04-28,0.583333333333333,1.13888888888889,0.854317407407407
2020-04-27,0.625,1.125,0.868603611111111
2020-04-26,0.555555555555556,1.22222222222222,0.875263456790123
2020-04-25,0.634146341463415,1.17073170731707,0.883912032520325
2020-04-24,0.634615384615385,1.09615384615385,0.857090512820513
2020-04-23,0.613636363636364,1.11363636363636,0.851542272727273
2020-04-22,0.636363636363636,1.15909090909091,0.882147424242424
2020-04-21,0.651162790697674,1.18604651162791,0.903255348837209
2020-04-20,0.685185185185185,1.14814814814815,0.905430617283951
2020-04-19,0.611111111111111,1.19444444444444,0.898611481481482
2020-04-18,0.625,1.175,0.891266333333333
2020-04-17,0.631578947368421,1.07017543859649,0.848254619883041
2020-04-16,0.584905660377358,1.0377358490566,0.805545157232704
2020-04-15,0.586206896551724,1.01724137931034,0.79621
2020-04-14,0.6,1.01666666666667,0.798095111111111
2020-04-13,0.617647058823529,1.01470588235294,0.805636078431373
2020-04-12,0.6,1.05454545454545,0.815921818181818
2020-04-11,0.621212121212121,1.03030303030303,0.821108484848485
2020-04-10,0.581818181818182,1.03636363636364,0.803702909090909
2020-04-09,0.609756097560976,0.963414634146341,0.777513658536585
2020-04-08,0.589473684210526,0.91578947368421,0.75186449122807
2020-04-07,0.582278481012658,0.949367088607595,0.761097299578059
2020-04-06,0.607594936708861,0.974683544303797,0.787815949367089
2020-04-05,0.607594936708861,0.974683544303797,0.789882447257384
2020-04-04,0.604395604395604,0.934065934065934,0.766151062271062
2020-04-03,0.580952380952381,0.885714285714286,0.732567746031746
2020-04-02,0.560747663551402,0.85981308411215,0.709698317757009
2020-04-01,0.581081081081081,0.831081081081081,0.70586018018018
2020-03-31,0.595890410958904,0.849315068493151,0.722005525114155
2020-03-30,0.640287769784173,0.913669064748201,0.772029304556355
2020-03-29,0.682539682539683,0.976190476190476,0.824742962962963
2020-03-28,0.724358974358974,0.993589743589744,0.854406111111111
2020-03-27,0.736526946107784,1,0.865553453093812
2020-03-26,0.733870967741935,1.04838709677419,0.888675
2020-03-25,0.778443113772455,1.04790419161677,0.910700838323353
2020-03-24,0.757352941176471,1.05882352941176,0.907076519607843
2020-03-23,0.781420765027322,1.0327868852459,0.904443424408015
2020-03-22,0.756578947368421,1.03947368421053,0.898373640350877
2020-03-21,0.753731343283582,1.05970149253731,0.902835870646766
2020-03-20,0.766839378238342,1.01554404145078,0.889737651122625
2020-03-19,0.739644970414201,1,0.867024536489152
2020-03-18,0.764444444444444,0.991111111111111,0.87603997037037
2020-03-17,0.797101449275362,1.03381642512077,0.913817198067633
2020-03-16,0.87962962962963,1.125,1.00183787037037
2020-03-15,0.990196078431373,1.25490196078431,1.11947921568627
2020-03-14,1.10062893081761,1.42138364779874,1.26205488469602
2020-03-13,1.23926380368098,1.57055214723926,1.40327955010225
2020-03-12,1.33812949640288,1.71223021582734,1.51952575539568
2020-03-11,1.42982456140351,1.86842105263158,1.64681888888889
2020-03-10,1.54455445544554,2.01980198019802,1.77563399339934
2020-03-09,1.64367816091954,2.16091954022989,1.89545440613027
2020-03-08,1.7,2.35,2.01859433333333
2020-03-07,1.77777777777778,2.48148148148148,2.12026740740741
2020-03-06,1.71794871794872,2.58974358974359,2.14372153846154
2020-03-05,1.60714285714286,2.60714285714286,2.10091666666667
2020-03-04,1.5,2.5,1.9821741025641
2020-03-03,1.46341463414634,2.19512195121951,1.81941414634146
2020-03-02,1.28571428571429,2.21428571428571,1.740145
2020-03-01,1.34782608695652,2.39130434782609,1.8476168115942
2020-02-29,1.375,2.625,1.97817375
2020-02-28,1.4,2.73333333333333,2.04367111111111
2020-02-27,1.2,2.9,2.03918333333333
2020-02-26,1.57142857142857,2.57142857142857,2.0571873015873
2020-02-25,1.33333333333333,3.66666666666667,2.45786444444444
2020-02-24,3.27272727272727,4.63636363636364,3.92767878787879
